seccion,titulo,resumen,fuente,enlace,fecha
geopolitica,G7 aprueba nuevo paquete de sanciones contra Rusia que incluye congelación de activos del banco central,Bloque occidental congela USD 280.000M en reservas soberanas rusas. Medida financia reconstrucción de Ucrania. Rusia amenaza con represalias en exportaciones de titanio y níquel.,The Economist,https://www.economist.com,2026-06-21
geopolitica,Taiwán refuerza defensa: compra de 400 misiles Patriot PAC-3 a EE.UU. por USD 3.200M,"Departamento de Estado aprueba venta en tiempo récord. China califica la operación de ""provocación grave"" y anuncia ejercicios navales alrededor de la isla para junio.",Financial Times,https://www.ft.com/world,2026-06-21
geopolitica,Unión Europea lanza fondo de defensa de EUR 500.000M: primera deuda común desde la pandemia,"Consejo Europeo aprueba por unanimidad el ""Escudo Europa"". Recursos financiarán industria de defensa continental y reducción de dependencia de armamento estadounidense.",The Economist,https://www.economist.com,2026-06-21
geopolitica,Corea del Norte prueba misil hipersónico de alcance regional; Corea del Sur declara alerta máxima,"Misil alcanza mach 8 y maniobra en fase terminal, dificultando intercepción. EE.UU., Japón y Corea del Sur refuerzan escudo antimisiles y anuncian sanciones adicionales.",Reuters,https://www.reuters.com/world,2026-06-21
economia_global,Oro alcanza USD 3.520/oz: máximo histórico impulsado por compras de bancos centrales y fuga hacia activos refugio,Banco Central de China aumentó reservas de oro por 18° mes consecutivo. Flujos hacia ETFs de oro alcanzan USD 14.000M en mayo. Analistas de Goldman elevan objetivo a USD 3.900.,Bloomberg,https://www.bloomberg.com/markets,2026-06-21
economia_global,Fed mantiene tasas en 4.5% pero señala ventana de recorte para septiembre si inflación sigue bajando,Actas del FOMC confirman discusión activa sobre primer recorte. PCE subyacente en 2.3% anual da margen. Mercados ya descuentan 2 recortes de 25 pb para el año.,CNBC,https://www.cnbc.com,2026-06-21
economia_global,Bono del Tesoro de EE.UU. a 10 años supera el 4.7%: mayor nivel en seis meses ante déficit fiscal récord,CBO estima déficit de USD 2.1 billones para 2026. Rendimientos al alza encarecen crédito hipotecario y corporativo. Dólar se fortalece frente a monedas emergentes.,Bloomberg,https://www.bloomberg.com/markets,2026-06-21
economia_global,Litio carbonato rebota a USD 17.200/t: reactivación de demanda china y recorte de oferta en Australia elevan precio,Cierre de minas Greenbushes y Pilgangoora reduce oferta en 80.000 t/año. China aprueba subsidios adicionales a vehículos eléctricos. SQM y Albemarle suben 12% en bolsa.,Reuters,https://www.reuters.com/business/energy,2026-06-21
economia_chile,Dólar observado cierra la semana en $891 en Chile: cobre fuerte y expectativa de recorte Fed aprecian el peso,BCCh monitorea el tipo de cambio pero descarta intervención directa. Exportadores liquidaron USD 780M en la semana. Analistras proyectan rango de $880-$910 para el tercer trimestre.,Diario Financiero,https://www.df.cl,2026-06-21
economia_chile,BCCh mantiene TPM en 4.75%: Rosanna Costa anticipa dos recortes más antes de diciembre,Consejo del Banco Central vota 4-1 por mantener la tasa. Proyecciones del IPoM de junio elevan crecimiento a 3.8%-4.2% para 2026. Inflación converge al 3% en el primer trimestre de 2027.,Diario Financiero,https://www.df.cl,2026-06-21
economia_chile,SQM anuncia dividendo extraordinario de USD 1.80 por acción: rentabilidad del litio sostiene pago récord,Compañía distribuirá USD 480M adicionales a accionistas en julio. Utilidades del Q1 2026 superaron en 22% las estimaciones. Acción sube 8% en la sesión del anuncio.,Diario Financiero,https://www.df.cl,2026-06-21
economia_chile,Reforma tributaria en debate: Hacienda propone royalty minero adicional del 2% sobre cobre sobre USD 4.50/lb,Proyecto enviado al Congreso financiaría Fondo de Educación Técnica y cierre de brechas de infraestructura en regiones. Mineras advierten impacto sobre decisiones de inversión futura.,La Tercera,https://www.latercera.com,2026-06-21
tendencias_tech,AMD EPYC Turin en centros de datos: procesador de 192 núcleos reduce costos de inferencia IA en 45%,Alternativa a Intel Xeon gana mercado enterprise. Google Cloud y AWS anuncian instancias basadas en EPYC Turin. AMD supera a Intel en cuota de mercado de servidor por primera vez.,MIT Technology Review,https://www.technologyreview.com,2026-06-21
tendencias_tech,Fintech chilena Fintual lanza gestión patrimonial con IA personalizada para clientes sobre UF 3.000,"Asistente analiza perfil de riesgo, horizonte de inversión y flujos fiscales del usuario para recomendar cartera optimizada. Integra SII, Previred y datos de mercado en tiempo real.",Diario Financiero,https://www.df.cl,2026-06-21
tendencias_tech,Microsoft Azure anuncia nodo regional en Chile para 2027: USD 1.200M en infraestructura cloud local,"Centro de datos en Pudahuel procesará datos de gobierno, banca y salud con soberanía nacional. Elimina la necesidad de enviar datos sensibles a Brasil. CORFO co-financia con USD 180M.",TechCrunch,https://techcrunch.com,2026-06-21
tendencias_tech,Ciberseguridad: grupo APT41 compromete sistemas de 6 bancos latinoamericanos en operación coordinada,"Ataque de cadena de suministro a través de proveedor de software bancario afecta a instituciones en Chile, Perú, Colombia, Brasil, México y Argentina. CISA emite alerta de nivel crítico.",MIT Technology Review,https://www.technologyreview.com,2026-06-21
cooperativismo,CMF autoriza a cooperativas de ahorro a emitir bonos en el mercado de capitales chileno,Nueva circular abre financiamiento de largo plazo para el sector. Cooperativa Oriencoop y Los Héroes ya evalúan emisiones por UF 500.000 y UF 380.000 respectivamente.,Diario Financiero,https://www.df.cl,2026-06-21
cooperativismo,ACI Américas: cooperativas latinoamericanas suman 92 millones de socios activos en 2026,"Chile, Colombia y Brasil concentran el 64% del activo cooperativo regional. Digitalización y productos hipotecarios son los principales motores de crecimiento en captación.",ACI Américas,https://www.aciamericas.coop,2026-06-21
cooperativismo,BID otorga línea de crédito de USD 200M al cooperativismo financiero de Chile para inclusión en regiones,"Financiamiento respaldará expansión de cooperativas en comunidades rurales de La Araucanía, Los Lagos y Aysén. Prioridad en crédito productivo para Pymes, pequeños agricultores y emprendedoras.",BID,https://www.iadb.org,2026-06-21
cooperativismo,Informe BID: cooperativas financieras de Chile mantienen mora 40% inferior a banca comercial en crédito de consumo,Análisis comparativo atribuye mejor calidad de cartera al modelo de evaluación colectiva y al mayor conocimiento del socio. Tasa de recuperación de cartera vencida también supera a la banca.,BID,https://www.iadb.org,2026-06-21
cmf,CMF publica informe sobre riesgo climático financiero: 60% de cartera hipotecaria expuesta a zonas de estrés hídrico,Estudio mapea exposición de bancos y aseguradoras a activos en zonas de escasez de agua. Regula el reporte obligatorio de riesgo físico y de transición para 2027.,CMF Chile,https://www.cmfchile.cl,2026-06-21
cmf,CMF sanciona a tres corredoras por manipulación de precios en el mercado de renta fija,Multas por UF 30.000 cada una por operaciones coordinadas que distorsionaron precios de bonos corporativos. Es la mayor sanción en el mercado de capitales en diez años.,CMF Chile,https://www.cmfchile.cl,2026-06-21
cmf,CMF prohíbe comisiones ocultas en fondos mutuos: revolución en transparencia de costo total para inversionistas,"Desde el 1 de agosto de 2026, las AGF deben expresar el costo total en Ratio de Gastos Total (TER) en formato estandarizado. Industria estima reducción promedio de costos del 18%.",CMF Chile,https://www.cmfchile.cl,2026-06-21
cmf,CMF exige a compañías de seguros actualizar modelos de reservas ante cambio climático y longevidad creciente,Nueva circular obliga a incorporar escenarios de temperatura global +1.5°C y tablas de mortalidad actualizadas. Impacto estimado en reservas adicionales de UF 8.5 millones para el sector.,CMF Chile,https://www.cmfchile.cl,2026-06-21
noticias_economicas_actuales,"IPP de mayo 2026: precios al productor caen 0.4% mensual, acumulan solo 1.5% en 12 meses","INE reporta deflación en insumos industriales, mineros y agrícolas. La reducción de costos productivos anticipa menor presión inflacionaria en el IPC de los próximos meses.",INE,https://www.ine.gob.cl,2026-06-21
noticias_economicas_actuales,Remuneraciones reales suben 2.1% interanual en abril 2026: por tercer mes consecutivo el salario real crece,"INE reporta que el Índice Real de Remuneraciones sube 2.1% interanual, primer ciclo de crecimiento sostenido desde 2022. Sector minero (+5.8%) y tecnología (+4.2%) lideran alzas.",INE,https://www.ine.gob.cl,2026-06-21
noticias_economicas_actuales,Banco Central eleva proyección de PIB 2026 al rango 3.8%-4.2% en el IPoM de junio,"Revisión al alza de 0.6 pp respecto al IPoM de marzo. BCCh cita mayor dinamismo de la inversión pública y privada, consumo resiliente y favorables términos de intercambio.",Banco Central de Chile,https://www.bcentral.cl,2026-06-21
noticias_economicas_actuales,"IPC de mayo 2026 sube 0.2% mensual: inflación anual desacelera a 3.2%, mínimo en 57 meses","INE confirma trayectoria hacia la meta. Energía residencial sube 0.9%, alimentos caen 0.4% y transporte baja 0.3%. Deflación en bienes industriales importados refleja apreciación del peso.",INE,https://www.ine.gob.cl,2026-06-21
inteligencia_artificial,"Startup chilena NotCo extiende uso de IA generativa a diseño de alimentos: modelo predice textura, sabor y valor nutricional",Giuseppe 3.0 genera en horas formulaciones de productos que antes tomaban 18 meses de I+D. Modelo entrenado con 5 millones de combinaciones moleculares. Licencia a tres multinacionales de alimentos.,The Rundown AI,https://therundown.ai,2026-06-21
inteligencia_artificial,AI Act UE: primeras multas por incumplimiento superan EUR 1.200M en sectores de crédito y RRHH,"Reguladores de Alemania, Francia e Italia sancionan a 11 empresas por sistemas de IA sin documentación técnica o con sesgos discriminatorios verificados. Compliance de IA emerge como industria.",TLDR AI,https://tldr.ai,2026-06-21
inteligencia_artificial,Regulación de IA en Chile: Ministerio de Ciencia publica borrador de Política Nacional de IA 2026-2030,"Hoja de ruta nacional define 5 ejes: talento, infraestructura, datos, regulación y adopción sectorial. Incluye observatorio de riesgos y fondo de CLP 50.000M para investigación aplicada.",TLDR AI,https://tldr.ai,2026-06-21
inteligencia_artificial,Google Gemini 2.5 Ultra: ventana de 2M de tokens y visión en tiempo real desde cámara de móvil,Modelo lidera en benchmarks de codificación y matemáticas. Integración nativa con Google Workspace permite analizar documentos completos de 400 páginas en una sola consulta.,The Rundown AI,https://therundown.ai,2026-06-21
